,ID,Negative,Positive,TotalOccurences
0,139264,0.12,0.88,25
1,155651,0.125,0.875,8
2,124246,0.0,1.0,1
3,155654,0.0,1.0,3
4,303111,0.0,1.0,6
5,311307,0.0,1.0,1
6,245778,0.0,1.0,2
7,249859,0.0,1.0,2
8,131097,0.0,1.0,5
9,253978,0.0,1.0,3
10,180251,0.0,1.0,5
11,237596,1.0,0.0,1
12,139296,0.0,1.0,22
13,310973,0.0,1.0,1
14,139302,0.0,1.0,3
15,155692,0.0,1.0,10
16,147502,0.0,1.0,1
17,155696,0.0,1.0,4
18,155701,0.0,1.0,1
19,163899,0.0,1.0,3
20,147516,0.25,0.75,4
21,311360,0.09090909090909091,0.9090909090909091,66
22,286787,0.0,1.0,3
23,139332,0.0,1.0,3
24,196684,0.0,1.0,1
25,122957,0.2,0.8,5
26,139343,0.0,1.0,8
27,311378,0.0,1.0,6
28,270421,0.0,1.0,1
29,131160,0.0,1.0,8
30,196697,0.75,0.25,4
31,204891,0.42857142857142855,0.5714285714285714,7
32,305850,0.0,1.0,3
33,155743,0.0,1.0,1
34,311392,0.2857142857142857,0.7142857142857143,7
35,221283,0.05555555555555555,0.9444444444444444,18
36,245860,0.0,1.0,1
37,262257,0.0,1.0,5
38,131188,0.0,1.0,2
39,139383,0.2,0.8,10
40,123004,0.0,1.0,8
41,155780,0.0,1.0,2
42,131206,0.0,1.0,4
43,123016,0.0,1.0,1
44,311441,0.030927835051546393,0.9690721649484536,194
45,123030,0.0,1.0,2
46,147608,0.0,1.0,2
47,131225,0.0,1.0,1
48,128367,0.0,1.0,5
49,237727,0.0,1.0,18
50,237731,0.0,1.0,6
51,123044,0.0,1.0,5
52,123046,0.0,1.0,6
53,123053,0.0,1.0,1
54,131246,0.0,1.0,1
55,281790,0.0,1.0,3
56,131253,0.0,1.0,1
57,180407,0.0,1.0,2
58,278712,0.0,1.0,3
59,164026,0.0,1.0,10
60,311485,0.0,1.0,4
61,147648,0.0,1.0,1
62,123073,0.0,1.0,2
63,131270,0.0,1.0,12
64,229576,0.14285714285714285,0.8571428571428571,7
65,162508,0.0,1.0,1
66,311498,0.0,1.0,1
67,123083,0.0,1.0,1
68,131276,0.0,1.0,1
69,131284,0.0,1.0,1
70,147669,0.0,1.0,4
71,237783,1.0,0.0,1
72,131288,0.0,1.0,2
73,295130,0.0,1.0,16
74,123099,0.0,1.0,1
75,278748,0.0,1.0,5
76,123102,0.0,1.0,6
77,180449,0.0,1.0,6
78,123107,0.0064516129032258064,0.9935483870967742,155
79,131110,0.0,1.0,2
80,131302,0.0,1.0,3
81,164072,0.0,1.0,4
82,131310,0.0,1.0,3
83,131312,0.0,1.0,5
84,139510,0.0,1.0,4
85,236244,0.0,1.0,3
86,123132,0.0,1.0,1
87,262400,0.0,1.0,22
88,123137,0.0,1.0,7
89,237832,0.0,1.0,1
90,131337,0.0,1.0,1
91,123148,0.0,1.0,7
92,278797,0.6666666666666666,0.3333333333333333,3
93,254229,0.0,1.0,1
94,311577,0.0,1.0,2
95,147738,0.0,1.0,10
96,123163,0.0,1.0,2
97,131356,0.5,0.5,10
98,123168,0.0,1.0,1
99,127024,0.0,1.0,1
100,123170,0.03125,0.96875,32
101,311590,0.0,1.0,6
102,254248,0.0,1.0,1
103,254249,0.0,1.0,5
104,147755,0.0,1.0,4
105,131373,0.0,1.0,7
106,131374,0.0,1.0,1
107,309981,0.14285714285714285,0.8571428571428571,7
108,123191,0.09090909090909091,0.9090909090909091,22
109,180537,0.0,1.0,1
110,159415,0.0,1.0,2
111,131391,0.0,1.0,1
112,164160,0.6666666666666666,0.3333333333333333,9
113,311618,0.3076923076923077,0.6923076923076923,13
114,147781,0.0,1.0,1
115,311622,0.1095890410958904,0.8904109589041096,219
116,172360,0.0,1.0,1
117,124301,0.0,1.0,2
118,147792,0.0,1.0,1
119,311635,0.0,1.0,9
120,303450,0.05263157894736842,0.9473684210526315,19
121,131419,0.0,1.0,9
122,139615,0.0,1.0,3
123,287072,0.0,1.0,2
124,123239,0.0,1.0,7
125,147818,0.0,1.0,2
126,156017,0.0,1.0,3
127,131444,0.0,1.0,6
128,164223,0.0,1.0,4
129,254340,0.0,1.0,11
130,147851,0.08333333333333333,0.9166666666666666,12
131,311693,0.0,1.0,1
132,131470,0.0,1.0,2
133,139668,0.0,1.0,13
134,311701,0.0,1.0,19
135,123286,0.0,1.0,5
136,246167,0.0,1.0,2
137,199963,0.0,1.0,1
138,229793,0.0,1.0,3
139,208966,0.0,1.0,1
140,139687,0.0,1.0,2
141,156072,0.0,1.0,1
142,139689,0.0,1.0,5
143,139690,0.0,1.0,8
144,131505,0.0,1.0,1
145,205238,0.0,1.0,6
146,254394,0.0,1.0,3
147,205243,0.0,1.0,10
148,254399,0.0,1.0,4
149,147904,0.0,1.0,4
150,311746,0.0,1.0,10
151,123331,0.0,1.0,3
152,311752,0.0,1.0,1
153,131148,0.0,1.0,1
154,147925,0.0,1.0,2
155,147535,0.0,1.0,1
156,197088,0.0,1.0,2
157,311778,0.0,1.0,4
158,270820,0.0,1.0,8
159,197093,0.0,1.0,4
160,311782,0.0,1.0,1
161,197098,0.0,1.0,2
162,140711,0.0,1.0,7
163,197103,0.0,1.0,3
164,311792,0.0,1.0,1
165,123378,0.0,1.0,18
166,147955,0.0,1.0,4
167,156150,0.0,1.0,5
168,205305,0.0,1.0,1
169,123388,0.0,1.0,3
170,241749,0.0,1.0,1
171,187136,0.0,1.0,2
172,139782,0.0,1.0,1
173,123413,0.2,0.8,10
174,163929,0.0,1.0,1
175,123417,0.0,1.0,4
176,311834,0.0,1.0,5
177,311839,0.0,1.0,4
178,131163,0.38461538461538464,0.6153846153846154,26
179,131625,0.0,1.0,3
180,145957,0.0,1.0,1
181,151645,0.0,1.0,2
182,180794,0.0,1.0,4
183,311867,0.0,1.0,4
184,248587,1.0,0.0,1
185,123460,0.0,1.0,7
186,153596,0.0,1.0,1
187,185784,0.29411764705882354,0.7058823529411765,17
188,123475,0.0,1.0,6
189,172635,0.0,1.0,66
190,303717,0.1368421052631579,0.8631578947368421,95
191,229991,0.0,1.0,2
192,131688,1.0,0.0,1
193,159847,0.0,1.0,3
194,131694,0.0,1.0,44
195,123503,0.0,1.0,8
196,287351,0.06976744186046512,0.9302325581395349,43
197,123513,0.0,1.0,22
198,139898,0.0,1.0,4
199,156283,0.0,1.0,1
200,164476,0.0,1.0,6
201,270976,0.25,0.75,4
202,279169,0.0,1.0,1
203,270982,0.0,1.0,1
204,189063,0.0,1.0,1
205,238219,0.0,1.0,4
206,221839,0.0,1.0,2
207,270992,0.0,1.0,12
208,270994,0.0,1.0,2
209,197268,0.0,1.0,1
210,180890,0.0,1.0,2
211,271006,0.0,1.0,2
212,238239,0.0,1.0,1
213,189088,0.0,1.0,3
214,164523,0.0,1.0,12
215,271023,0.0,1.0,3
216,311412,0.0,1.0,6
217,148158,0.0,1.0,1
218,180941,0.0,1.0,1
219,230101,0.0,1.0,3
220,303830,0.0,1.0,1
221,123607,0.0,1.0,3
222,197337,0.0,1.0,1
223,164572,0.0,1.0,1
224,295036,0.0,1.0,3
225,164591,0.0,1.0,1
226,148208,0.0,1.0,8
227,123637,0.0,1.0,5
228,123644,0.0,1.0,2
229,254718,0.0,1.0,10
230,123649,0.0,1.0,6
231,213762,0.0,1.0,2
232,131844,0.0,1.0,18
233,181001,0.0,1.0,4
234,213772,0.0,1.0,8
235,181720,0.0,1.0,2
236,123666,0.0,1.0,1
237,131861,0.0,1.0,5
238,123670,0.5,0.5,2
239,123676,0.0,1.0,1
240,123678,0.0,1.0,4
241,123679,0.875,0.125,8
242,150320,0.0,1.0,1
243,172834,0.0,1.0,1
244,189220,0.0,1.0,7
245,123685,0.0,1.0,8
246,123688,0.0,1.0,1
247,246580,0.0,1.0,1
248,222005,0.0,1.0,1
249,164668,0.0,1.0,3
250,123713,0.0,1.0,2
251,213826,0.0,1.0,1
252,123720,0.14285714285714285,0.8571428571428571,7
253,120325,0.0,1.0,6
254,135309,0.0,1.0,2
255,123728,0.0,1.0,3
256,148309,0.0,1.0,1
257,222039,0.0,1.0,6
258,197472,0.0,1.0,10
259,222050,0.0,1.0,1
260,129851,0.0,1.0,5
261,123751,0.0,1.0,9
262,142967,0.0,1.0,2
263,148334,0.0,1.0,1
264,255464,0.0,1.0,2
265,195390,0.2,0.8,5
266,140153,0.0,1.0,4
267,205690,0.0,1.0,6
268,303995,0.0,1.0,5
269,131967,0.25,0.75,4
270,123784,0.6,0.4,20
271,124396,0.0,1.0,1
272,287626,0.12121212121212122,0.8787878787878788,33
273,164752,0.0,1.0,10
274,279443,0.07518796992481203,0.924812030075188,665
275,140185,0.0,1.0,9
276,131998,0.0,1.0,3
277,123808,0.0,1.0,3
278,140784,0.0,1.0,5
279,132003,0.0,1.0,4
280,140197,0.4,0.6,5
281,238503,0.0,1.0,1
282,189352,0.0,1.0,1
283,124402,0.041666666666666664,0.9583333333333334,96
284,132015,0.14285714285714285,0.8571428571428571,7
285,132017,0.0,1.0,8
286,213944,0.02564102564102564,0.9743589743589743,39
287,295877,0.0,1.0,3
288,132041,0.0,1.0,8
289,123850,0.0,1.0,1
290,287691,0.0,1.0,1
291,148437,0.0,1.0,6
292,132054,0.0,1.0,4
293,254936,0.0,1.0,2
294,140250,1.0,0.0,1
295,148451,0.0,1.0,1
296,132069,0.0,1.0,3
297,271334,0.0,1.0,4
298,123881,0.0,1.0,96
299,181230,0.0,1.0,1
300,189423,0.0,1.0,1
301,125779,0.2857142857142857,0.7142857142857143,7
302,140279,0.0,1.0,4
303,136703,1.0,0.0,1
304,300913,0.0,1.0,1
305,132097,0.0,1.0,2
306,173062,0.0,1.0,3
307,132104,0.0,1.0,2
308,164873,0.0,1.0,1
309,289623,1.0,0.0,1
310,132108,0.0,1.0,12
311,197648,0.0,1.0,1
312,271378,1.0,0.0,1
313,181275,0.0,1.0,2
314,123932,0.05263157894736842,0.9473684210526315,19
315,263199,1.0,0.0,4
316,255008,0.0,1.0,4
317,246819,0.0,1.0,5
318,156708,0.0,1.0,2
319,181285,0.0,1.0,1
320,271408,0.0,1.0,1
321,123957,0.0,1.0,9
322,197687,0.0,1.0,16
323,132156,0.0,1.0,5
324,132168,0.0,1.0,1
325,133986,0.0,1.0,3
326,205904,0.0,1.0,1
327,164945,0.14285714285714285,0.8571428571428571,7
328,222296,0.0,1.0,1
329,156763,0.0,1.0,3
330,311482,0.0,1.0,1
331,123998,0.0,1.0,2
332,124007,0.0,1.0,1
333,140394,0.0,1.0,1
334,306024,0.0,1.0,2
335,246899,0.0,1.0,1
336,255097,0.0,1.0,24
337,156794,0.0,1.0,1
338,119244,0.0,1.0,2
339,132221,0.0,1.0,1
340,132228,0.0,1.0,1
341,279687,0.0,1.0,1
342,140424,0.6,0.4,5
343,148617,0.0,1.0,3
344,238730,0.0,1.0,3
345,255117,0.0,1.0,3
346,189586,0.5,0.5,2
347,127171,0.0,1.0,1
348,165015,0.0,1.0,1
349,238745,0.0,1.0,1
350,238749,0.0,1.0,3
351,148648,1.0,0.0,3
352,124079,0.0,1.0,1
353,131272,0.0,1.0,1
354,165046,0.0,1.0,3
355,148669,0.0,1.0,1
356,189632,0.0,1.0,1
357,124097,0.0,1.0,7
358,148676,0.0,1.0,6
359,126339,0.0,1.0,5
360,165069,0.0,1.0,11
361,150344,0.0,1.0,2
362,140512,0.0,1.0,3
363,206049,0.0,1.0,10
364,124151,0.0,1.0,4
365,148730,0.0,1.0,16
366,287998,0.0,1.0,3
367,177707,1.0,0.0,1
368,221815,0.0,1.0,4
369,258368,0.0,1.0,3
370,255249,0.0,1.0,11
371,132370,0.0,1.0,1
372,156948,0.0,1.0,21
373,132373,0.0,1.0,2
374,124195,0.0,1.0,9
375,148772,0.0,1.0,1
376,124197,0.0,1.0,1
377,177698,0.0,1.0,1
378,296249,0.0,1.0,3
379,296252,0.0,1.0,5
380,124222,0.0,1.0,1
381,189759,0.0,1.0,4
382,148801,0.0,1.0,22
383,181575,0.0,1.0,1
384,132425,0.0,1.0,3
385,304465,0.0,1.0,116
386,140630,0.0,1.0,7
387,288088,0.0,1.0,1
388,132442,0.0,1.0,2
389,303333,0.0,1.0,1
390,300603,0.0,1.0,65
391,173628,0.0,1.0,3
392,132462,0.0,1.0,4
393,181615,0.0,1.0,1
394,295144,0.0,1.0,1
395,148866,0.0,1.0,2
396,189828,0.0,1.0,2
397,157062,0.0,1.0,4
398,304519,0.0,1.0,27
399,165261,0.0,1.0,1
400,132494,0.0,1.0,2
401,173457,0.0,1.0,1
402,124306,0.0,1.0,17
403,181653,0.0,1.0,1
404,198040,0.0,1.0,28
405,124314,0.07692307692307693,0.9230769230769231,13
406,206237,0.0,1.0,5
407,157086,0.0,1.0,4
408,124321,0.0,1.0,1
409,132519,0.3333333333333333,0.6666666666666666,6
410,230830,0.014705882352941176,0.9852941176470589,68
411,134045,0.0,1.0,4
412,252830,0.0,1.0,5
413,230838,0.0,1.0,11
414,189881,0.16666666666666666,0.8333333333333334,6
415,189882,0.0,1.0,2
416,222652,0.0,1.0,4
417,124352,0.0,1.0,6
418,124354,0.0,1.0,3
419,132547,0.0,1.0,1
420,124356,0.0,1.0,23
421,124364,0.0,1.0,1
422,148941,0.0,1.0,2
423,132558,0.0,1.0,2
424,263637,0.0,1.0,1
425,140758,0.0,1.0,4
426,140760,0.0,1.0,1
427,214497,0.0,1.0,1
428,214500,0.0,1.0,2
429,124389,0.0,1.0,2
430,132582,0.0,1.0,2
431,132584,0.0,1.0,2
432,148972,0.0,1.0,2
433,124498,0.0,1.0,2
434,124400,0.0,1.0,3
435,306088,0.0,1.0,4
436,140786,0.0,1.0,1
437,132595,0.0,1.0,5
438,263668,0.0,1.0,1
439,304629,0.0,1.0,12
440,304633,0.0,1.0,1
441,132608,0.0,1.0,1
442,132609,0.0,1.0,1
443,148997,0.375,0.625,8
444,124424,0.04,0.96,25
445,222729,0.0,1.0,6
446,124426,0.02564102564102564,0.9743589743589743,39
447,206347,0.36363636363636365,0.6363636363636364,11
448,124428,0.0,1.0,5
449,160003,0.0,1.0,4
450,140820,0.0,1.0,7
451,263702,1.0,0.0,1
452,132642,0.0,1.0,9
453,288294,0.0,1.0,1
454,140840,0.0,1.0,11
455,189996,0.0,1.0,4
456,132654,0.0,1.0,15
457,140848,0.0,1.0,7
458,132657,0.0,1.0,1
459,157234,0.21739130434782608,0.782608695652174,23
460,157237,0.0,1.0,13
461,149047,0.0,1.0,1
462,132668,0.0,1.0,11
463,132672,0.0,1.0,20
464,239170,0.0,1.0,1
465,132675,0.0,1.0,6
466,280134,0.0,1.0,3
467,157256,0.0,1.0,2
468,214603,0.0,1.0,1
469,157266,0.0,1.0,5
470,132693,0.0,1.0,7
471,128163,0.0,1.0,3
472,132696,0.0,1.0,8
473,304736,0.0,1.0,3
474,173667,0.0,1.0,3
475,239205,0.0,1.0,10
476,149098,0.0,1.0,19
477,132715,0.0,1.0,30
478,132719,0.0,1.0,42
479,124530,0.0,1.0,2
480,132724,0.0,1.0,2
481,181879,0.0,1.0,1
482,304760,0.0,1.0,6
483,132731,0.125,0.875,8
484,132732,0.0,1.0,2
485,136811,0.0,1.0,1
486,247429,0.0,1.0,1
487,157333,0.0,1.0,1
488,165532,0.0,1.0,1
489,127258,0.0,1.0,1
490,124577,0.043478260869565216,0.9565217391304348,23
491,132775,0.0,1.0,13
492,255657,0.0,1.0,11
493,247469,0.0,1.0,1
494,140976,0.0,1.0,11
495,235741,0.0,1.0,4
496,140982,0.0,1.0,8
497,132791,0.0,1.0,9
498,181945,0.0,1.0,4
499,157370,0.0,1.0,3
500,132799,0.0,1.0,22
501,124610,0.0,1.0,17
502,149187,0.0,1.0,9
503,198341,0.0,1.0,6
504,255692,0.0,1.0,1
505,124626,0.0,1.0,6
506,165589,0.0,1.0,4
507,214747,0.0,1.0,2
508,194170,0.0,1.0,4
509,149216,0.0,1.0,13
510,149217,0.0,1.0,4
511,123174,0.0,1.0,31
512,157414,0.0,1.0,5
513,149223,0.0,1.0,4
514,132841,0.0,1.0,8
515,149226,0.0,1.0,7
516,149229,0.0,1.0,8
517,239344,0.0,1.0,3
518,182013,0.0,1.0,2
519,149246,0.0,1.0,5
520,124672,0.5,0.5,4
521,149249,0.0,1.0,3
522,190212,0.0,1.0,3
523,149254,0.0,1.0,3
524,165649,0.0,1.0,4
525,124690,0.0,1.0,9
526,165652,0.0,1.0,1
527,132894,0.0,1.0,4
528,132900,0.0,1.0,3
529,141096,0.0,1.0,11
530,255789,1.0,0.0,1
531,124718,0.0,1.0,8
532,247599,0.0,1.0,3
533,198449,0.0,1.0,1
534,173879,0.0,1.0,4
535,149305,0.0,1.0,4
536,141119,0.0,1.0,4
537,165698,0.0,1.0,1
538,288579,0.0,1.0,9
539,288581,0.0,1.0,2
540,118177,0.2807017543859649,0.7192982456140351,114
541,165715,0.0,1.0,27
542,157525,0.0,1.0,1
543,311580,0.0,1.0,1
544,149344,0.16666666666666666,0.8333333333333334,6
545,288609,0.0,1.0,2
546,149352,0.0,1.0,2
547,127292,0.0,1.0,11
548,149364,0.0,1.0,5
549,217406,0.0,1.0,1
550,132991,0.0,1.0,1
551,124800,0.0,1.0,5
552,132993,0.0,1.0,2
553,198530,0.0,1.0,2
554,160460,0.0,1.0,5
555,190341,0.0,1.0,1
556,223110,0.0,1.0,1
557,124811,0.0,1.0,1
558,131394,0.0,1.0,10
559,278848,0.0,1.0,1
560,124817,0.0,1.0,1
561,272276,0.0,1.0,11
562,223125,0.021505376344086023,0.978494623655914,93
563,173978,0.0,1.0,1
564,161434,0.0,1.0,1
565,305057,0.011049723756906077,0.988950276243094,181
566,165794,0.0,1.0,1
567,124844,0.0,1.0,4
568,231345,0.0,1.0,1
569,174005,0.0,1.0,8
570,124862,0.0,1.0,9
571,124874,0.3333333333333333,0.6666666666666666,3
572,247760,0.0,1.0,1
573,174034,0.0,1.0,1
574,182227,0.2,0.8,10
575,124887,0.0,1.0,8
576,149467,0.0,1.0,10
577,133085,0.0,1.0,1
578,157665,0.0,1.0,2
579,157677,0.0,1.0,4
580,149488,0.6666666666666666,0.3333333333333333,3
581,182258,0.14285714285714285,0.8571428571428571,7
582,239604,0.0,1.0,4
583,157686,0.5,0.5,2
584,132777,0.0,1.0,3
585,133112,0.0,1.0,4
586,248831,0.0,1.0,1
587,125952,0.0,1.0,1
588,157702,0.0,1.0,2
589,133128,0.0,1.0,1
590,124941,0.0,1.0,2
591,239633,0.0,1.0,4
592,141331,0.0,1.0,1
593,124964,0.0,1.0,6
594,149550,0.0,1.0,8
595,149568,0.0,1.0,5
596,141377,0.0,1.0,7
597,149571,0.0,1.0,2
598,124996,0.0,1.0,2
599,256070,0.0,1.0,6
600,141387,0.0,1.0,1
601,128696,0.0,1.0,2
602,141396,0.0,1.0,4
603,182361,0.0,1.0,2
604,305245,0.0,1.0,2
605,157794,0.0,1.0,4
606,221543,0.0,1.0,2
607,231536,0.0,1.0,1
608,174194,0.4,0.6,5
609,125047,0.8181818181818182,0.18181818181818182,22
610,133249,0.5555555555555556,0.4444444444444444,9
611,157826,0.0,1.0,1
612,141452,0.0,1.0,2
613,128706,0.0,1.0,2
614,132803,0.38095238095238093,0.6190476190476191,21
615,125083,0.0,1.0,2
616,141469,0.0,1.0,2
617,153285,0.125,0.875,8
618,149667,0.0,1.0,12
619,256168,0.09090909090909091,0.9090909090909091,11
620,133290,0.0,1.0,6
621,272556,0.0,1.0,2
622,141487,0.0,1.0,2
623,141493,0.0,1.0,8
624,135647,0.0,1.0,1
625,149688,0.0,1.0,7
626,133307,0.0,1.0,9
627,141500,0.0,1.0,7
628,198845,0.0,1.0,2
629,256190,0.0,1.0,5
630,248000,0.14285714285714285,0.8571428571428571,7
631,162849,0.0,1.0,5
632,125128,0.0,1.0,123
633,126373,0.0,1.0,1
634,256202,0.42857142857142855,0.5714285714285714,7
635,256206,0.0,1.0,9
636,136909,1.0,0.0,1
637,231633,0.0,1.0,15
638,280788,0.13934426229508196,0.860655737704918,244
639,125145,0.0,1.0,1
640,198880,0.0,1.0,1
641,174308,0.0,1.0,8
642,166118,0.0,1.0,2
643,190697,0.0,1.0,6
644,125168,0.0,1.0,19
645,190710,0.08333333333333333,0.9166666666666666,24
646,221567,0.0,1.0,3
647,198914,0.0,1.0,1
648,198921,0.0,1.0,1
649,162861,0.0,1.0,5
650,125204,0.0,1.0,4
651,149781,0.0,1.0,2
652,125206,0.0,1.0,38
653,124635,0.0,1.0,2
654,133415,0.0,1.0,1
655,149803,0.0,1.0,1
656,175154,0.0,1.0,9
657,239924,0.0,1.0,1
658,149815,0.25,0.75,4
659,125242,0.0,1.0,1
660,166203,0.0,1.0,4
661,140016,0.0,1.0,1
662,174398,0.0,1.0,2
663,239935,0.0,1.0,3
664,149826,0.0,1.0,9
665,264516,0.0,1.0,2
666,166215,0.0,1.0,1
667,174408,0.0,1.0,14
668,198985,0.0,1.0,1
669,231754,0.0,1.0,2
670,125259,0.0,1.0,7
671,158043,0.0,1.0,10
672,215389,0.6666666666666666,0.3333333333333333,6
673,248160,0.0,1.0,1
674,158055,0.0,1.0,4
675,125290,0.0,1.0,4
676,133484,0.0,1.0,1
677,174445,0.015037593984962405,0.9849624060150376,133
678,125297,0.0,1.0,7
679,158782,0.0,1.0,2
680,190841,0.0,1.0,9
681,180629,0.0,1.0,10
682,190850,0.0,1.0,5
683,133508,0.3333333333333333,0.6666666666666666,9
684,207240,0.4,0.6,5
685,173805,0.0,1.0,5
686,141712,0.2,0.8,5
687,158101,0.0,1.0,33
688,125334,0.0,1.0,1
689,141723,0.0,1.0,4
690,133533,0.0,1.0,3
691,133542,0.0,1.0,11
692,207272,0.0,1.0,1
693,305581,0.20833333333333334,0.7916666666666666,24
694,256437,0.0,1.0,1
695,281020,0.0,1.0,1
696,133571,0.0,1.0,2
697,248267,0.0,1.0,5
698,141773,0.0,1.0,3
699,166363,0.0,1.0,4
700,223708,0.07692307692307693,0.9230769230769231,13
701,182753,0.0,1.0,11
702,149988,0.0,1.0,1
703,199144,0.0,1.0,8
704,141802,0.0,1.0,4
705,199148,0.0,1.0,3
706,166382,0.0,1.0,4
707,256495,0.0,1.0,2
708,223734,0.0,1.0,1
709,287145,0.0,1.0,1
710,289275,0.0,1.0,1
711,125441,0.0,1.0,2
712,168365,0.043209876543209874,0.9567901234567902,324
713,133652,0.0,1.0,3
714,264725,0.0,1.0,1
715,125467,0.0,1.0,1
716,133663,1.0,0.0,1
717,126044,0.0,1.0,1
718,125485,0.0,1.0,1
719,133680,0.3333333333333333,0.6666666666666666,3
720,119219,0.0,1.0,1
721,133686,0.006230529595015576,0.9937694704049844,321
722,133691,0.0,1.0,2
723,133698,0.0,1.0,2
724,199235,0.0,1.0,1
725,125511,0.0,1.0,2
726,158290,0.0,1.0,5
727,191064,0.0,1.0,8
728,126932,0.0,1.0,1
729,125533,0.0,1.0,4
730,297566,0.05,0.95,20
731,120592,0.034482758620689655,0.9655172413793104,29
732,125539,0.0,1.0,45
733,124689,0.0,1.0,1
734,141929,0.0,1.0,11
735,141938,0.0,1.0,2
736,215667,1.0,0.0,5
737,166520,0.0,1.0,4
738,256634,0.0,1.0,1
739,256635,0.0,1.0,5
740,188864,0.0,1.0,1
741,133764,0.0,1.0,2
742,141959,0.0,1.0,6
743,232072,0.0,1.0,4
744,133772,0.0,1.0,2
745,141966,0.0,1.0,1
746,125583,0.0,1.0,1
747,264849,0.0,1.0,4
748,133779,0.0,1.0,20
749,125598,0.0,1.0,1
750,141986,0.0,1.0,2
751,150184,0.0,1.0,5
752,235292,0.0,1.0,2
753,120605,0.14285714285714285,0.8571428571428571,14
754,199346,0.6666666666666666,0.3333333333333333,6
755,166580,0.0,1.0,1
756,150197,0.0,1.0,1
757,158390,0.0,1.0,7
758,273082,0.0,1.0,3
759,166593,0.13333333333333333,0.8666666666666667,15
760,200314,0.0,1.0,5
761,240326,1.0,0.0,1
762,133833,0.0,1.0,17
763,281292,0.0,1.0,22
764,158413,0.0,1.0,8
765,273102,0.0,1.0,16
766,174800,0.0,1.0,8
767,240337,0.0,1.0,3
768,125652,0.1,0.9,10
769,158422,0.0,1.0,3
770,240347,0.5,0.5,2
771,142048,0.0,1.0,2
772,125666,0.5714285714285714,0.42857142857142855,7
773,266874,0.0,1.0,1
774,166636,0.0,1.0,6
775,166638,0.0,1.0,3
776,125681,0.0,1.0,2
777,125684,0.0,1.0,17
778,232183,0.0,1.0,9
779,150266,0.0,1.0,4
780,145194,0.0,1.0,1
781,133886,1.0,0.0,1
782,142080,0.0,1.0,2
783,150273,0.0,1.0,6
784,150275,0.0,1.0,5
785,191237,0.0,1.0,5
786,150283,0.0,1.0,10
787,125711,0.4230769230769231,0.5769230769230769,26
788,120622,0.0,1.0,2
789,207648,0.0,1.0,2
790,256805,0.3333333333333333,0.6666666666666666,3
791,125738,0.056338028169014086,0.9436619718309859,71
792,281389,0.0,1.0,1
793,133936,0.0,1.0,7
794,117897,0.1111111111111111,0.8888888888888888,351
795,125752,0.0,1.0,1
796,119263,0.6666666666666666,0.3333333333333333,9
797,133951,0.5,0.5,2
798,232258,0.0,1.0,3
799,150341,0.0,1.0,3
800,127457,0.5,0.5,4
801,215880,0.0,1.0,10
802,150350,0.0,1.0,11
803,133969,0.0,1.0,5
804,152309,0.0,1.0,2
805,150358,0.0,1.0,26
806,120633,0.0,1.0,3
807,133980,0.0,1.0,2
808,207709,0.11764705882352941,0.8823529411764706,17
809,156133,0.0,1.0,4
810,125793,0.0,1.0,1
811,125794,0.0,1.0,14
812,281445,0.2,0.8,10
813,150376,0.0,1.0,5
814,297838,0.0,1.0,3
815,150384,0.0,1.0,1
816,248692,0.0,1.0,2
817,134008,0.0,1.0,2
818,125826,0.0,1.0,5
819,134021,0.0,1.0,2
820,215946,0.0,1.0,2
821,142221,0.0,1.0,4
822,166800,0.0,1.0,1
823,125853,0.0,1.0,5
824,125858,0.0,1.0,4
825,215972,0.0,1.0,8
826,199592,0.0,1.0,7
827,256937,0.0,1.0,5
828,134068,0.0,1.0,1
829,224182,0.0,1.0,4
830,166848,0.4,0.6,5
831,125889,0.0,1.0,21
832,297922,0.0,1.0,1
833,142278,0.0,1.0,9
834,256969,0.0,1.0,5
835,158670,0.0,1.0,3
836,183249,0.0,1.0,1
837,142296,0.0,1.0,1
838,306147,0.0,1.0,1
839,166884,0.0,1.0,4
840,125925,0.0,1.0,1
841,175082,0.0,1.0,7
842,134123,0.0,1.0,1
843,125937,0.16666666666666666,0.8333333333333334,36
844,281586,0.0,1.0,1
845,224244,0.0,1.0,2
846,159134,0.0,1.0,2
847,123391,0.0,1.0,1
848,130218,0.28,0.72,25
849,149333,0.0,1.0,1
850,216064,0.0,1.0,1
851,166926,0.0,1.0,1
852,134159,0.0,1.0,16
853,158745,0.0,1.0,3
854,242184,0.6666666666666666,0.3333333333333333,3
855,142386,0.0,1.0,19
856,138419,0.0,1.0,1
857,281655,0.0,1.0,1
858,126012,0.0,1.0,2
859,207934,0.0,1.0,3
860,175167,0.0,1.0,1
861,194400,0.0,1.0,9
862,150595,0.0,1.0,3
863,150602,0.07142857142857142,0.9285714285714286,14
864,216140,1.0,0.0,1
865,134224,0.0,1.0,3
866,119038,0.0,1.0,3
867,298066,0.0,1.0,5
868,240725,0.0,1.0,11
869,126042,0.08333333333333333,0.9166666666666666,24
870,257115,0.0,1.0,34
871,167004,0.0,1.0,1
872,142433,0.0,1.0,5
873,126139,0.0,1.0,10
874,158824,0.0,1.0,1
875,126058,0.0,1.0,4
876,124776,0.0,1.0,2
877,142453,0.0,1.0,16
878,117879,0.04504504504504504,0.954954954954955,333
879,248953,0.0,1.0,2
880,117886,0.09811320754716982,0.9018867924528302,530
881,126079,0.1,0.9,10
882,224384,0.0,1.0,1
883,175234,0.0,1.0,1
884,216197,0.0,1.0,6
885,281735,0.12422360248447205,0.8757763975155279,161
886,257160,0.0,1.0,1
887,126089,0.0,1.0,8
888,117899,0.03225806451612903,0.967741935483871,62
889,191629,0.0,1.0,4
890,240782,0.5,0.5,2
891,117905,0.0,1.0,4
892,117906,0.06656032482598608,0.9334396751740139,6896
893,175255,0.0,1.0,3
894,117913,0.03134328358208955,0.9686567164179104,670
895,167069,0.25,0.75,4
896,126111,0.0,1.0,18
897,134311,0.0,1.0,12
898,224428,0.0,1.0,2
899,117937,0.0,1.0,16
900,236756,0.0,1.0,2
901,117946,0.4166666666666667,0.5833333333333334,12
902,117947,0.0,1.0,5
903,277706,0.0,1.0,1
904,158910,1.0,0.0,3
905,128885,0.0,1.0,1
906,281792,0.0,1.0,5
907,117955,0.0,1.0,25
908,137078,0.6666666666666666,0.3333333333333333,3
909,209441,0.0,1.0,6
910,122060,0.0,1.0,5
911,175307,0.0,1.0,3
912,142541,0.0,1.0,4
913,126160,0.0,1.0,2
914,142545,0.0,1.0,8
915,240857,0.0,1.0,1
916,216282,0.0,1.0,10
917,298203,0.0,1.0,2
918,199900,0.0,1.0,1
919,208095,0.0,1.0,3
920,306404,0.052083333333333336,0.9479166666666666,96
921,191718,0.0,1.0,3
922,127956,0.0,1.0,2
923,191723,0.0,1.0,1
924,167148,0.0,1.0,2
925,142573,0.0,1.0,12
926,244948,0.0,1.0,5
927,142587,0.0,1.0,5
928,118017,0.0,1.0,4
929,118020,0.0,1.0,5
930,150790,0.0,1.0,13
931,288641,0.0,1.0,2
932,142600,0.0,1.0,13
933,118029,0.0,1.0,10
934,150799,0.0,1.0,11
935,150800,0.0,1.0,2
936,241251,0.0,1.0,2
937,118036,0.0,1.0,56
938,118040,0.0,1.0,1
939,150810,0.0,1.0,10
940,118043,0.02040816326530612,0.9795918367346939,98
941,118044,0.2222222222222222,0.7777777777777778,36
942,126238,0.0625,0.9375,16
943,118054,0.01929260450160772,0.9807073954983923,311
944,126250,0.06666666666666667,0.9333333333333333,15
945,150827,0.0,1.0,6
946,216365,0.0,1.0,1
947,126257,0.0,1.0,2
948,118069,0.0,1.0,6
949,306399,0.03902439024390244,0.9609756097560975,205
950,142652,0.0,1.0,6
951,118077,0.0,1.0,1
952,159039,0.0,1.0,1
953,159048,0.0,1.0,3
954,159051,0.0,1.0,9
955,159053,0.0,1.0,6
956,118097,0.0,1.0,35
957,240979,0.0,1.0,9
958,290132,1.0,0.0,1
959,240982,0.4375,0.5625,16
960,118103,0.0,1.0,5
961,126297,0.047619047619047616,0.9523809523809523,42
962,142682,0.0,1.0,1
963,134491,0.0,1.0,1
964,306530,0.0,1.0,32
965,126309,0.0,1.0,94
966,150886,0.0,1.0,1
967,265577,0.0,1.0,3
968,208235,0.0,1.0,1
969,150892,0.0,1.0,2
970,135741,0.0,1.0,1
971,118129,0.2,0.8,5
972,232820,0.0,1.0,2
973,306550,0.0,1.0,1
974,232825,0.0,1.0,12
975,118140,0.0,1.0,1
976,134531,0.0,1.0,2
977,118148,0.0,1.0,8
978,200069,0.0,1.0,13
979,241030,0.0,1.0,6
980,134537,0.0,1.0,12
981,306570,0.0,1.0,2
982,273803,0.0,1.0,2
983,118157,0.0,1.0,6
984,191886,0.0,1.0,1
985,117997,0.0,1.0,1
986,134544,0.0,1.0,6
987,159122,0.0,1.0,2
988,142741,0.0,1.0,1
989,126359,0.0,1.0,1
990,126363,0.0,1.0,17
991,118173,0.0,1.0,21
992,126366,0.0,1.0,2
993,134559,0.0,1.0,6
994,118176,0.0,1.0,3
995,282017,0.0,1.0,10
996,273828,0.0,1.0,1
997,159141,0.0,1.0,3
998,224680,0.0,1.0,4
999,175530,0.0,1.0,1
1000,126383,0.0,1.0,3
1001,134578,0.0,1.0,3
1002,134579,0.0,1.0,12
1003,208308,0.0,1.0,3
1004,183734,0.0,1.0,4
1005,150968,0.0,1.0,3
1006,159162,0.0,1.0,4
1007,118204,0.0,1.0,4
1008,150980,0.0,1.0,1
1009,127564,0.0,1.0,5
1010,265676,0.0,1.0,1
1011,150991,0.0,1.0,1
1012,126416,0.0,1.0,3
1013,126423,0.08333333333333333,0.9166666666666666,12
1014,126426,0.0,1.0,1
1015,167397,0.3333333333333333,0.6666666666666666,3
1016,257510,0.0,1.0,22
1017,118247,0.03333333333333333,0.9666666666666667,30
1018,167402,0.0,1.0,2
1019,118258,0.0,1.0,1
1020,139859,0.0,1.0,3
1021,118260,0.01507537688442211,0.9849246231155779,199
1022,208375,0.0,1.0,1
1023,257529,0.0,1.0,3
1024,151040,0.0,1.0,1
1025,118278,0.0,1.0,1
1026,183817,0.0,1.0,3
1027,118282,0.0,1.0,1
1028,241805,0.0,1.0,1
1029,126485,0.16666666666666666,0.8333333333333334,24
1030,118294,0.0,1.0,88
1031,126488,0.0,1.0,16
1032,298522,0.0,1.0,3
1033,118302,0.078125,0.921875,64
1034,167455,0.0,1.0,1
1035,154886,0.0,1.0,3
1036,118318,0.0,1.0,2
1037,216624,0.0,1.0,1
1038,118321,0.0,1.0,9
1039,126514,0.0,1.0,12
1040,126517,0.0,1.0,2
1041,306742,0.0,1.0,3
1042,126519,0.0,1.0,2
1043,151099,0.0,1.0,13
1044,118335,0.0,1.0,1
1045,126532,0.0,1.0,1
1046,118342,0.0,1.0,1
1047,126539,0.0,1.0,2
1048,208460,0.0,1.0,5
1049,224525,0.0,1.0,3
1050,167505,0.0,1.0,4
1051,126546,0.0,1.0,8
1052,126548,1.0,0.0,1
1053,241239,0.0,1.0,1
1054,118362,0.025,0.975,80
1055,183899,0.0,1.0,2
1056,118368,0.10743801652892562,0.8925619834710744,121
1057,118371,0.2857142857142857,0.7142857142857143,7
1058,167528,0.0,1.0,1
1059,208489,0.0,1.0,1
1060,192106,0.0,1.0,1
1061,306795,0.15151515151515152,0.8484848484848485,33
1062,122130,0.0,1.0,1
1063,298607,0.0,1.0,1
1064,225897,0.0,1.0,3
1065,292546,0.0,1.0,1
1066,118394,0.0,1.0,1
1067,151166,0.0,1.0,3
1068,151171,0.0,1.0,14
1069,118406,0.019230769230769232,0.9807692307692307,52
1070,208526,0.0,1.0,1
1071,183957,0.0,1.0,2
1072,249497,0.0,1.0,10
1073,192155,0.0,1.0,2
1074,249507,0.0,1.0,3
1075,249508,0.0,1.0,2
1076,138524,0.0,1.0,8
1077,118443,0.1694915254237288,0.8305084745762712,59
1078,151214,0.14285714285714285,0.8571428571428571,7
1079,208559,0.0,1.0,7
1080,118448,0.06382978723404255,0.9361702127659575,282
1081,151221,0.0,1.0,1
1082,134839,0.0,1.0,10
1083,265913,0.0,1.0,1
1084,167617,0.0,1.0,3
1085,118466,0.0,1.0,1
1086,184011,0.0,1.0,4
1087,118477,0.0,1.0,1
1088,224977,0.0,1.0,4
1089,192211,0.0,1.0,10
1090,279161,0.0,1.0,1
1091,126684,0.375,0.625,8
1092,151261,0.0,1.0,3
1093,183590,0.0,1.0,3
1094,118503,0.041666666666666664,0.9583333333333334,24
1095,134889,0.0,1.0,9
1096,184043,0.0,1.0,2
1097,298733,0.0,1.0,1
1098,118513,0.0,1.0,2
1099,151287,0.0,1.0,1
1100,134910,0.0,1.0,4
1101,233216,0.1111111111111111,0.8888888888888888,9
1102,282370,0.0,1.0,27
1103,270977,0.0,1.0,3
1104,118536,0.0,1.0,12
1105,118537,0.06666666666666667,0.9333333333333333,15
1106,200462,0.0,1.0,13
1107,298285,0.0,1.0,6
1108,118545,0.0,1.0,7
1109,249618,0.0,1.0,9
1110,249620,0.0,1.0,15
1111,159510,0.0,1.0,5
1112,151321,0.0,1.0,1
1113,126747,0.18181818181818182,0.8181818181818182,22
1114,233245,1.0,0.0,2
1115,298784,0.0,1.0,1
1116,126753,0.0,1.0,1
1117,118563,0.0,1.0,24
1118,118564,0.0,1.0,2
1119,118568,0.16455696202531644,0.8354430379746836,79
1120,124893,0.0,1.0,3
1121,192307,0.0,1.0,1
1122,118584,0.0,1.0,1
1123,225085,0.0,1.0,4
1124,143170,0.0,1.0,2
1125,126800,0.0,1.0,8
1126,118611,0.0,1.0,1
1127,184148,0.0,1.0,3
1128,143193,0.0,1.0,6
1129,118625,0.0,1.0,8
1130,175972,0.0,1.0,4
1131,274278,0.1111111111111111,0.8888888888888888,9
1132,249704,1.0,0.0,1
1133,135018,0.0,1.0,1
1134,135019,0.0,1.0,4
1135,310589,0.032679738562091505,0.9673202614379085,153
1136,118642,0.0,1.0,5
1137,143223,0.0,1.0,10
1138,151426,0.0,1.0,19
1139,143238,0.5,0.5,2
1140,143242,0.0,1.0,3
1141,126864,0.0,1.0,5
1142,274325,0.0,1.0,1
1143,118678,0.0,1.0,1
1144,205466,0.0,1.0,1
1145,159646,0.0,1.0,1
1146,154949,0.0,1.0,8
1147,257952,0.0,1.0,9
1148,257965,1.0,0.0,1
1149,233390,0.0,1.0,4
1150,118703,0.0,1.0,1
1151,257970,0.0,1.0,3
1152,118707,0.0,1.0,7
1153,159672,0.0,1.0,8
1154,159678,0.0,1.0,3
1155,135104,0.0,1.0,9
1156,159682,0.0,1.0,4
1157,159686,0.05555555555555555,0.9444444444444444,18
1158,247799,0.0,1.0,1
1159,118735,0.0,1.0,5
1160,159698,0.0,1.0,7
1161,274387,0.0,1.0,1
1162,159700,0.0,1.0,2
1163,159701,0.0,1.0,3
1164,159709,0.0,1.0,8
1165,225246,0.0,1.0,2
1166,135136,0.0,1.0,9
1167,130384,0.0,1.0,2
1168,282594,0.0,1.0,12
1169,118756,0.17391304347826086,0.8260869565217391,23
1170,159717,0.0,1.0,11
1171,200678,0.0,1.0,4
1172,176103,0.07692307692307693,0.9230769230769231,13
1173,241640,0.0,1.0,1
1174,118761,0.0,1.0,7
1175,135146,0.1111111111111111,0.8888888888888888,18
1176,159723,0.0,1.0,3
1177,122194,0.0,1.0,5
1178,233456,0.0,1.0,2
1179,159059,0.0,1.0,1
1180,159732,0.0,1.0,1
1181,159733,0.0,1.0,1
1182,118776,0.0,1.0,1
1183,118785,0.09012875536480687,0.9098712446351931,233
1184,189099,0.0,1.0,2
1185,126294,0.0,1.0,1
1186,307210,0.0,1.0,12
1187,240983,0.04421221864951769,0.9557877813504824,1244
1188,249872,0.0,1.0,11
1189,118802,0.0,1.0,2
1190,118806,0.09770114942528736,0.9022988505747126,174
1191,184350,0.0,1.0,2
1192,307233,0.0,1.0,33
1193,127012,0.0,1.0,1
1194,241709,0.5,0.5,2
1195,249904,0.0,1.0,11
1196,133526,0.0,1.0,1
1197,225335,0.5,0.5,8
1198,118842,0.08333333333333333,0.9166666666666666,24
1199,290878,0.02564102564102564,0.9743589743589743,39
1200,135233,0.0,1.0,2
1201,233542,0.0,1.0,3
1202,127671,0.0,1.0,2
1203,157709,0.0,1.0,1
1204,241747,0.0,1.0,1
1205,184405,0.0,1.0,1
1206,135255,0.2,0.8,10
1207,127068,0.0,1.0,4
1208,118877,0.0,1.0,1
1209,290919,0.08791208791208792,0.9120879120879121,91
1210,249967,0.0,1.0,1
1211,299126,0.0,1.0,4
1212,118903,0.0,1.0,1
1213,135298,1.0,0.0,2
1214,127109,0.25,0.75,4
1215,118925,0.0,1.0,3
1216,127126,0.16666666666666666,0.8333333333333334,18
1217,258199,0.0,1.0,2
1218,127130,0.0,1.0,3
1219,159905,1.0,0.0,1
1220,118950,0.0,1.0,2
1221,233643,0.0,1.0,1
1222,118959,0.1016260162601626,0.8983739837398373,246
1223,151731,0.0,1.0,2
1224,135350,0.0,1.0,17
1225,151735,0.0,1.0,1
1226,127160,0.017857142857142856,0.9821428571428571,56
1227,159929,0.0,1.0,12
1228,127691,0.6666666666666666,0.3333333333333333,3
1229,118981,0.0,1.0,3
1230,118985,0.0,1.0,3
1231,152269,0.0,1.0,1
1232,239652,0.0,1.0,19
1233,119005,0.0,1.0,2
1234,119008,0.0,1.0,7
1235,310843,1.0,0.0,2
1236,151811,0.0,1.0,2
1237,168175,0.0,1.0,1
1238,233714,0.04477611940298507,0.9552238805970149,67
1239,200947,0.0,1.0,19
1240,119029,0.0,1.0,3
1241,307446,0.3333333333333333,0.6666666666666666,9
1242,299258,0.0,1.0,9
1243,119035,0.0,1.0,2
1244,159996,0.0,1.0,3
1245,225534,0.0,1.0,1
1246,160002,0.0,1.0,16
1247,170027,0.6666666666666666,0.3333333333333333,12
1248,160007,0.0,1.0,2
1249,127240,0.0,1.0,7
1250,143630,0.0,1.0,1
1251,119057,0.09090909090909091,0.9090909090909091,11
1252,202550,0.0,1.0,4
1253,119060,0.0,1.0,1
1254,254681,0.0,1.0,2
1255,307480,0.0,1.0,2
1256,119066,0.0,1.0,2
1257,160027,0.3333333333333333,0.6666666666666666,3
1258,225564,0.0,1.0,1
1259,135898,0.09090909090909091,0.9090909090909091,11
1260,224645,0.0,1.0,1
1261,217378,0.0,1.0,1
1262,119078,0.0,1.0,1
1263,135719,0.0,1.0,1
1264,160046,0.0,1.0,3
1265,274735,0.0,1.0,2
1266,250160,0.0,1.0,1
1267,266548,0.0,1.0,1
1268,119094,0.0,1.0,24
1269,201020,0.6,0.4,5
1270,225598,0.0,1.0,4
1271,168256,1.0,0.0,1
1272,143682,0.0,1.0,1
1273,192835,0.0,1.0,3
1274,119108,0.0,1.0,2
1275,119110,0.0,1.0,3
1276,119111,0.0,1.0,1
1277,119114,0.5714285714285714,0.42857142857142855,7
1278,241995,0.0,1.0,2
1279,160080,0.0,1.0,10
1280,127321,1.0,0.0,1
1281,168284,0.2,0.8,5
1282,135517,0.0,1.0,4
1283,160096,0.0,1.0,1
1284,135522,0.0,1.0,1
1285,192868,0.2,0.8,5
1286,160103,0.0,1.0,3
1287,160106,0.0,1.0,2
1288,135536,0.0,1.0,2
1289,168305,0.0,1.0,3
1290,258424,0.0,1.0,1
1291,184698,0.0,1.0,3
1292,119168,0.0,1.0,3
1293,143748,0.0,1.0,2
1294,119173,0.5,0.5,2
1295,127369,1.0,0.0,4
1296,299403,0.0,1.0,6
1297,151952,0.0,1.0,1
1298,168337,0.0,1.0,3
1299,119192,0.0,1.0,10
1300,119193,0.0,1.0,10
1301,127390,0.0,1.0,22
1302,135585,0.0,1.0,2
1303,119617,0.0,1.0,5
1304,119212,0.125,0.875,8
1305,127405,0.0,1.0,12
1306,250291,0.0,1.0,6
1307,119220,0.0,1.0,1
1308,168373,0.0,1.0,5
1309,217527,0.3333333333333333,0.6666666666666666,3
1310,127423,0.0,1.0,25
1311,135616,0.0,1.0,2
1312,119235,0.23076923076923078,0.7692307692307693,26
1313,225734,0.0,1.0,1
1314,119239,0.0,1.0,6
1315,143818,0.0,1.0,3
1316,143820,0.0,1.0,11
1317,119248,0.0,1.0,5
1318,127442,0.0,1.0,1
1319,143829,0.0,1.0,1
1320,250328,0.0,1.0,1
1321,233946,0.0,1.0,2
1322,168415,0.0,1.0,16
1323,250337,0.0,1.0,10
1324,152038,0.0,1.0,2
1325,129105,0.3333333333333333,0.6666666666666666,3
1326,217580,0.0,1.0,14
1327,299505,0.0,1.0,2
1328,119282,0.0,1.0,1
1329,127475,0.0,1.0,21
1330,127477,0.0,1.0,12
1331,128361,0.0,1.0,2
1332,168451,0.0,1.0,3
1333,137302,0.0,1.0,1
1334,119304,0.0,1.0,2
1335,168459,0.0,1.0,3
1336,119324,0.25,0.75,4
1337,143905,0.0,1.0,8
1338,160290,0.0,1.0,7
1339,209444,0.0,1.0,1
1340,127525,0.0,1.0,29
1341,127527,0.0,1.0,46
1342,127528,0.0,1.0,1
1343,299565,0.0,1.0,4
1344,118195,0.0,1.0,37
1345,119352,0.0,1.0,1
1346,146868,0.0,1.0,1
1347,283197,0.0,1.0,2
1348,160318,0.0,1.0,3
1349,119359,0.0,1.0,11
1350,4673,0.5,0.5,18
1351,275015,0.0,1.0,1
1352,201292,0.0,1.0,4
1353,242253,0.3333333333333333,0.6666666666666666,3
1354,291411,0.0,1.0,2
1355,184917,0.0,1.0,1
1356,201302,0.0,1.0,1
1357,135770,0.0,1.0,1
1358,127581,0.0,1.0,1
1359,266846,0.0,1.0,1
1360,141185,0.0,1.0,2
1361,135777,0.0,1.0,1
1362,266850,0.0,1.0,1
1363,266851,0.0,1.0,5
1364,135780,0.0,1.0,2
1365,127593,0.0,1.0,3
1366,127596,0.125,0.875,24
1367,156434,0.0,1.0,1
1368,266864,0.0,1.0,16
1369,127602,1.0,0.0,1
1370,168570,0.0,1.0,2
1371,119425,0.5,0.5,2
1372,135810,0.0,1.0,3
1373,127621,0.0,1.0,1
1374,135814,0.0,1.0,8
1375,135815,0.0,1.0,8
1376,291481,0.0,1.0,1
1377,127642,0.0,1.0,5
1378,135836,0.0,1.0,1
1379,119456,0.15384615384615385,0.8461538461538461,13
1380,127658,0.0,1.0,4
1381,204746,0.0,1.0,2
1382,152247,0.0,1.0,2
1383,176829,0.0,1.0,28
1384,127679,0.0,1.0,2
1385,119489,0.0,1.0,8
1386,137335,0.0,1.0,5
1387,127692,0.0,1.0,7
1388,127778,0.0,1.0,14
1389,258776,0.0,1.0,10
1390,127706,0.0,1.0,9
1391,226012,0.0,1.0,3
1392,193245,0.0,1.0,2
1393,307041,0.0,1.0,4
1394,152298,0.25,0.75,4
1395,258798,0.0,1.0,2
1396,144111,0.3333333333333333,0.6666666666666666,3
1397,127729,0.0,1.0,5
1398,152307,0.0,1.0,49
1399,127733,0.0,1.0,9
1400,209654,0.16666666666666666,0.8333333333333334,6
1401,119543,0.0,1.0,1
1402,267006,0.0,1.0,13
1403,258816,0.0,1.0,2
1404,141441,0.0,1.0,1
1405,127752,0.0,1.0,5
1406,118231,0.0,1.0,2
1407,152344,0.0,1.0,2
1408,275228,0.0,1.0,1
1409,160543,0.07692307692307693,0.9230769230769231,13
1410,299808,0.0,1.0,1
1411,185122,0.0,1.0,3
1412,152357,0.0,1.0,2
1413,127782,0.0,1.0,1
1414,131099,0.0,1.0,3
1415,119601,0.0,1.0,21
1416,258874,0.0,1.0,3
1417,234301,0.0,1.0,6
1418,217919,0.0,1.0,5
1419,258880,0.0,1.0,1
1420,291649,0.0,1.0,1
1421,119621,0.18181818181818182,0.8181818181818182,11
1422,215180,0.0,1.0,1
1423,136011,0.0,1.0,2
1424,226134,0.5,0.5,2
1425,144221,0.16666666666666666,0.8333333333333334,6
1426,126438,0.0,1.0,6
1427,152422,0.0,1.0,9
1428,160617,0.0,1.0,1
1429,250732,0.0,1.0,4
1430,120978,0.08333333333333333,0.9166666666666666,12
1431,127856,0.21428571428571427,0.7857142857142857,14
1432,152438,0.0,1.0,15
1433,127865,0.0,1.0,1
1434,230751,0.0,1.0,1
1435,118250,0.0,1.0,23
1436,144259,0.045454545454545456,0.9545454545454546,22
1437,119684,0.0,1.0,1
1438,283527,0.0,1.0,3
1439,144264,0.0,1.0,2
1440,168848,0.0,1.0,2
1441,119704,0.0,1.0,1
1442,127897,0.0,1.0,3
1443,283548,0.0,1.0,4
1444,127813,0.0,1.0,1
1445,122352,0.0,1.0,29
1446,127906,0.0,1.0,24
1447,283557,0.0,1.0,4
1448,119722,0.11764705882352941,0.8823529411764706,17
1449,127917,0.0,1.0,3
1450,119727,0.3333333333333333,0.6666666666666666,3
1451,242608,0.0,1.0,1
1452,127922,0.0,1.0,63
1453,136115,0.0,1.0,1
1454,267189,0.0,1.0,11
1455,160694,0.4,0.6,5
1456,160695,0.0,1.0,5
1457,185272,0.0,1.0,1
1458,119743,0.0,1.0,1
1459,168896,0.0,1.0,1
1460,308168,0.0,1.0,1
1461,144329,0.0,1.0,2
1462,144332,0.0,1.0,3
1463,119759,0.0,1.0,6
1464,209876,0.0,1.0,1
1465,119765,0.0,1.0,2
1466,226262,0.21428571428571427,0.7857142857142857,14
1467,267223,0.0,1.0,9
1468,193497,0.0,1.0,1
1469,267226,0.0,1.0,2
1470,119771,0.0,1.0,8
1471,144350,0.0,1.0,7
1472,120997,0.5,0.5,2
1473,144354,0.0,1.0,9
1474,119787,0.0,1.0,4
1475,119792,0.0,1.0,1
1476,209906,0.0,1.0,5
1477,160757,0.0,1.0,2
1478,275449,0.07692307692307693,0.9230769230769231,13
1479,136187,0.0,1.0,30
1480,201726,0.0,1.0,1
1481,134656,0.0,1.0,4
1482,119816,1.0,0.0,1
1483,300044,0.0,1.0,96
1484,128018,0.42857142857142855,0.5714285714285714,14
1485,126470,0.0,1.0,2
1486,308262,0.0,1.0,18
1487,226343,0.0,1.0,9
1488,169002,0.0,1.0,5
1489,136235,0.0,1.0,1
1490,144429,0.0,1.0,4
1491,136239,0.0,1.0,6
1492,169009,0.0,1.0,2
1493,144434,0.0,1.0,1
1494,152627,0.0,1.0,2
1495,201782,0.0,1.0,1
1496,259130,0.0,1.0,11
1497,209981,0.0,1.0,7
1498,152641,0.0,1.0,2
1499,119877,0.0,1.0,2
1500,155386,0.0,1.0,2
1501,128079,0.0,1.0,1
1502,128088,0.0,1.0,2
1503,128093,0.0,1.0,3
1504,128094,0.0,1.0,1
1505,119907,0.0,1.0,7
1506,136293,0.0,1.0,10
1507,128102,0.0,1.0,1
1508,300136,0.0,1.0,222
1509,193641,0.0,1.0,1
1510,193644,0.3064516129032258,0.6935483870967742,62
1511,215229,0.0,1.0,3
1512,119923,0.0,1.0,4
1513,119925,0.0,1.0,3
1514,119927,0.0,1.0,11
1515,62587,0.0,1.0,2
1516,193662,0.0,1.0,4
1517,264384,0.14285714285714285,0.8571428571428571,7
1518,128130,0.3181818181818182,0.6818181818181818,22
1519,300163,0.125,0.875,8
1520,210052,0.0,1.0,7
1521,160903,1.0,0.0,1
1522,302418,0.2,0.8,5
1523,259215,0.0,1.0,10
1524,119955,0.0,1.0,3
1525,136340,0.0,1.0,9
1526,119962,0.0,1.0,5
1527,275613,0.06666666666666667,0.9333333333333333,15
1528,160931,0.0,1.0,1
1529,259239,0.0,1.0,1
1530,152747,0.0,1.0,16
1531,136365,0.0,1.0,46
1532,119983,0.6666666666666666,0.3333333333333333,3
1533,136369,0.0,1.0,3
1534,201906,0.0,1.0,1
1535,152757,0.0,1.0,1
1536,161993,0.0,1.0,1
1537,259258,0.0,1.0,2
1538,120002,0.0,1.0,3
1539,185540,0.0,1.0,2
1540,128198,0.0,1.0,2
1541,226503,0.4,0.6,5
1542,234696,0.0,1.0,2
1543,152777,0.0,1.0,6
1544,242891,0.0,1.0,10
1545,123202,0.1,0.9,10
1546,152788,0.0,1.0,5
1547,129230,0.0,1.0,2
1548,169177,0.0,1.0,4
1549,152795,0.0,1.0,1
1550,160991,0.0,1.0,5
1551,120034,0.0,1.0,1
1552,120042,0.0,1.0,3
1553,138990,0.0,1.0,1
1554,308462,0.06666666666666667,0.9333333333333333,30
1555,152816,0.0,1.0,9
1556,185591,0.0,1.0,1
1557,120057,0.0,1.0,1
1558,140159,0.0,1.0,2
1559,161024,0.0,1.0,3
1560,120065,0.0,1.0,29
1561,161026,0.0,1.0,7
1562,129238,0.0,1.0,3
1563,120072,0.0,1.0,12
1564,185617,0.25,0.75,4
1565,136466,0.0,1.0,3
1566,152852,0.0,1.0,3
1567,234773,0.0,1.0,11
1568,136473,0.0,1.0,5
1569,251162,0.0,1.0,1
1570,120093,0.0,1.0,4
1571,152866,0.0,1.0,7
1572,251171,0.0,1.0,10
1573,251179,0.0,1.0,1
1574,233010,0.0,1.0,7
1575,219357,0.0,1.0,3
1576,251186,0.0,1.0,3
1577,120119,0.5,0.5,4
1578,128316,0.0,1.0,2
1579,234813,0.0,1.0,3
1580,169279,0.0,1.0,2
1581,177472,0.0,1.0,2
1582,128322,0.1,0.9,20
1583,169286,0.2,0.8,5
1584,166116,0.0,1.0,1
1585,210268,0.0,1.0,2
1586,308574,0.0,1.0,13
1587,267615,0.0,1.0,6
1588,128352,0.0,1.0,7
1589,292195,0.0078125,0.9921875,128
1590,234852,0.0,1.0,3
1591,161129,0.0,1.0,6
1592,152940,0.0,1.0,10
1593,308590,0.25,0.75,4
1594,251247,0.0,1.0,2
1595,251257,0.0,1.0,1
1596,177534,0.0,1.0,6
1597,120203,0.0,1.0,2
1598,144793,0.0,1.0,2
1599,152987,0.0,1.0,2
1600,128423,0.2222222222222222,0.7777777777777778,18
1601,120238,0.024390243902439025,0.975609756097561,41
1602,128432,0.0,1.0,5
1603,169395,0.0,1.0,1
1604,120246,0.0,1.0,4
1605,259512,1.0,0.0,1
1606,136634,0.25,0.75,4
1607,243131,0.0,1.0,1
1608,284092,0.06666666666666667,0.9333333333333333,15
1609,120263,0.0,1.0,1
1610,153037,0.0,1.0,1
1611,128470,0.0,1.0,10
1612,177628,0.5,0.5,2
1613,144871,0.0,1.0,2
1614,120301,0.0,1.0,2
1615,120314,0.0,1.0,14
1616,153083,0.0,1.0,1
1617,120316,0.0392156862745098,0.9607843137254902,153
1618,120319,0.029411764705882353,0.9705882352941176,34
1619,120324,0.0111731843575419,0.9888268156424581,179
1620,177669,0.0,1.0,2
1621,144908,0.0,1.0,2
1622,226829,0.0,1.0,1
1623,205741,0.0,1.0,7
1624,128528,0.0,1.0,4
1625,194065,0.0,1.0,1
1626,128532,0.041666666666666664,0.9583333333333334,24
1627,144919,0.0,1.0,1
1628,144303,0.0,1.0,2
1629,194078,0.0,1.0,2
1630,202274,0.0,1.0,3
1631,153123,0.0,1.0,1
1632,144937,0.0,1.0,2
1633,120363,0.0,1.0,2
1634,136748,0.027777777777777776,0.9722222222222222,36
1635,136753,0.0,1.0,2
1636,194103,0.0,1.0,13
1637,128571,0.1111111111111111,0.8888888888888888,9
1638,144958,0.0,1.0,8
1639,153153,0.0,1.0,1
1640,128578,0.0,1.0,15
1641,210500,0.0,1.0,1
1642,128585,0.0,1.0,8
1643,144978,0.0,1.0,1
1644,134755,0.0,1.0,3
1645,169561,0.0,1.0,4
1646,194138,1.0,0.0,1
1647,120411,0.0,1.0,1
1648,128604,0.0,1.0,1
1649,177766,0.0,1.0,1
1650,153195,0.0,1.0,8
1651,226928,0.0,1.0,1
1652,128628,0.0,1.0,9
1653,185973,0.0,1.0,38
1654,259703,0.14285714285714285,0.8571428571428571,7
1655,128634,0.0,1.0,19
1656,128635,0.0,1.0,1
1657,163434,0.0,1.0,1
1658,128638,0.0,1.0,3
1659,177795,0.0,1.0,4
1660,136840,0.0,1.0,11
1661,167135,0.0,1.0,12
1662,139584,0.0,1.0,3
1663,153236,0.0,1.0,7
1664,177815,0.0,1.0,1
1665,120474,0.0,1.0,22
1666,128683,0.0,1.0,4
1667,153260,0.0,1.0,1
1668,147058,0.0,1.0,2
1669,153262,0.0,1.0,5
1670,267952,0.06060606060606061,0.9393939393939394,33
1671,128689,0.0,1.0,1
1672,202424,0.0,1.0,1
1673,153273,0.0,1.0,17
1674,120514,0.022727272727272728,0.9772727272727273,44
1675,120517,0.0,1.0,6
1676,128711,0.0,1.0,1
1677,153291,0.0,1.0,2
1678,259789,0.0,1.0,1
1679,251603,0.0,1.0,2
1680,120541,0.0,1.0,3
1681,153318,0.0,1.0,7
1682,259817,0.0,1.0,3
1683,128747,0.0,1.0,20
1684,235245,0.09090909090909091,0.9090909090909091,11
1685,136945,0.0,1.0,1
1686,128757,0.0,1.0,1
1687,202487,0.0,1.0,2
1688,153337,0.0,1.0,2
1689,133647,0.0,1.0,1
1690,120576,0.0,1.0,1
1691,120579,0.0,1.0,18
1692,123862,0.0,1.0,24
1693,235272,0.2857142857142857,0.7142857142857143,7
1694,128781,0.0,1.0,3
1695,145167,0.0,1.0,1
1696,235280,0.0,1.0,11
1697,136977,0.0,1.0,3
1698,128787,0.0,1.0,2
1699,128788,0.0,1.0,10
1700,128796,0.0,1.0,12
1701,136989,0.0,1.0,14
1702,128802,0.0,1.0,14
1703,128804,0.0,1.0,2
1704,145191,0.0,1.0,2
1705,235305,0.0,1.0,2
1706,177962,0.0,1.0,1
1707,123495,0.0,1.0,2
1708,128814,0.0,1.0,2
1709,202543,0.0,1.0,1
1710,235313,0.0,1.0,1
1711,128819,0.3333333333333333,0.6666666666666666,3
1712,145206,0.0,1.0,2
1713,137017,0.0,1.0,15
1714,218938,0.0,1.0,3
1715,153408,0.0,1.0,1
1716,284481,0.2,0.8,5
1717,153414,0.0,1.0,1
1718,120647,0.0,1.0,7
1719,235337,0.0,1.0,3
1720,161610,0.0,1.0,1
1721,128848,0.0,1.0,9
1722,120664,0.0,1.0,10
1723,138895,0.0,1.0,1
1724,169823,0.0,1.0,2
1725,186208,0.1111111111111111,0.8888888888888888,9
1726,128869,1.0,0.0,1
1727,120678,0.0,1.0,6
1728,120679,0.0,1.0,3
1729,120689,0.07692307692307693,0.9230769230769231,13
1730,120690,0.029411764705882353,0.9705882352941176,34
1731,120691,0.047619047619047616,0.9523809523809523,42
1732,276340,0.0,1.0,7
1733,145269,0.0,1.0,6
1734,292726,0.75,0.25,4
1735,120697,0.3333333333333333,0.6666666666666666,3
1736,309123,0.014705882352941176,0.9852941176470589,68
1737,284553,0.0,1.0,6
1738,120716,0.02857142857142857,0.9714285714285714,35
1739,120721,0.2222222222222222,0.7777777777777778,18
1740,194455,0.0,1.0,1
1741,202649,0.0,1.0,10
1742,169886,0.0,1.0,5
1743,137119,0.0,1.0,9
1744,268194,0.0,1.0,13
1745,178088,0.0,1.0,1
1746,136178,0.0,1.0,2
1747,128942,0.09090909090909091,0.9090909090909091,11
1748,137135,0.0,1.0,4
1749,128948,0.0,1.0,5
1750,260027,0.0,1.0,1
1751,120765,0.0,1.0,5
1752,259061,0.0,1.0,1
1753,292802,0.0,1.0,1
1754,128963,0.0,1.0,6
1755,276422,0.0,1.0,15
1756,120779,0.0,1.0,2
1757,145360,0.0,1.0,1
1758,175779,0.0,1.0,1
1759,235477,0.0,1.0,4
1760,169944,0.0,1.0,2
1761,128997,0.0,1.0,3
1762,128999,0.0,1.0,6
1763,129003,0.0,1.0,7
1764,120812,0.0,1.0,12
1765,120813,0.0,1.0,2
1766,243698,0.0,1.0,1
1767,129017,0.1111111111111111,0.8888888888888888,9
1768,120828,0.0,1.0,14
1769,130730,0.0,1.0,3
1770,169986,0.0,1.0,6
1771,145413,0.0,1.0,1
1772,292871,0.0,1.0,11
1773,202760,0.0,1.0,1
1774,145418,0.0,1.0,3
1775,268301,0.0,1.0,2
1776,161806,0.0,1.0,7
1777,268307,0.0,1.0,3
1778,161813,0.0,1.0,2
1779,178199,0.0,1.0,4
1780,170012,0.0,1.0,2
1781,129054,0.0,1.0,2
1782,309291,0.0,1.0,127
1783,120877,0.0,1.0,30
1784,210990,0.0,1.0,1
1785,137263,0.0,1.0,1
1786,227378,0.0,1.0,7
1787,129082,0.0,1.0,6
1788,137275,0.0,1.0,1
1789,161852,0.16666666666666666,0.8333333333333334,6
1790,276543,0.0,1.0,2
1791,260160,0.0,1.0,1
1792,129089,0.0,1.0,1
1793,301122,0.0,1.0,1
1794,301124,0.4666666666666667,0.5333333333333333,15
1795,119820,0.0,1.0,4
1796,243787,0.0,1.0,9
1797,145484,0.0,1.0,1
1798,153679,0.0,1.0,2
1799,153681,0.0,1.0,1
1800,251988,0.0,1.0,1
1801,301141,0.0,1.0,4
1802,186454,0.0,1.0,2
1803,251992,0.0,1.0,7
1804,251993,0.0,1.0,1
1805,145499,0.6666666666666666,0.3333333333333333,3
1806,145500,0.0,1.0,8
1807,120925,0.0,1.0,2
1808,194666,0.0,1.0,1
1809,219247,0.0,1.0,1
1810,153719,0.0,1.0,6
1811,202872,0.0,1.0,11
1812,120953,0.029411764705882353,0.9705882352941176,34
1813,252267,0.4,0.6,5
1814,202884,0.0,1.0,6
1815,145545,0.0,1.0,1
1816,309393,0.0,1.0,1
1817,137362,0.0,1.0,9
1818,211091,0.0,1.0,1
1819,129174,0.0,1.0,24
1820,211100,0.0,1.0,12
1821,120991,0.0,1.0,45
1822,301218,0.0,1.0,26
1823,186533,1.0,0.0,1
1824,137383,0.0,1.0,3
1825,132124,0.14285714285714285,0.8571428571428571,7
1826,129197,0.15384615384615385,0.8461538461538461,13
1827,147144,0.0,1.0,9
1828,186550,0.0,1.0,1
1829,243895,1.0,0.0,1
1830,121024,0.0,1.0,21
1831,235717,0.0,1.0,2
1832,235721,0.0,1.0,8
1833,153802,0.13636363636363635,0.8636363636363636,22
1834,137422,0.0,1.0,7
1835,211151,0.0,1.0,2
1836,194774,0.0,1.0,8
1837,235735,0.0,1.0,2
1838,153821,0.0,1.0,4
1839,235751,0.0,1.0,1
1840,153838,0.5,0.5,2
1841,145648,0.0,1.0,1
1842,153842,0.0,1.0,1
1843,194805,0.0,1.0,1
1844,129272,0.0,1.0,1
1845,129274,0.0,1.0,4
1846,145659,0.0,1.0,6
1847,137468,0.0,1.0,5
1848,201770,0.0,1.0,1
1849,129282,0.09090909090909091,0.9090909090909091,22
1850,162055,0.0,1.0,3
1851,137489,0.0,1.0,1
1852,145795,0.0,1.0,2
1853,153876,0.0,1.0,1
1854,137493,0.0,1.0,16
1855,129305,0.0,1.0,1
1856,129413,0.0,1.0,1
1857,137505,0.0,1.0,1
1858,121125,0.0,1.0,1
1859,153894,0.0,1.0,2
1860,242737,0.0,1.0,1
1861,134876,0.0,1.0,1
1862,128050,0.0,1.0,2
1863,244021,0.0,1.0,2
1864,284982,0.0,1.0,3
1865,121144,0.0,1.0,1
1866,223351,0.0,1.0,2
1867,194880,0.0,1.0,1
1868,174796,0.0,1.0,1
1869,170311,0.0,1.0,2
1870,164919,1.0,0.0,1
1871,244056,0.0,1.0,2
1872,153945,0.0,1.0,3
1873,134885,0.0,1.0,3
1874,194960,0.0,1.0,11
1875,153958,0.0,1.0,2
1876,129384,0.0,1.0,1
1877,203113,0.0,1.0,1
1878,290535,0.0,1.0,13
1879,145774,0.0,1.0,2
1880,268659,0.0,1.0,3
1881,121204,0.0,1.0,3
1882,301430,0.0,1.0,6
1883,168524,0.0,1.0,6
1884,268675,0.0,1.0,1
1885,174486,0.0,1.0,6
1886,162182,0.0,1.0,20
1887,260490,0.0,1.0,1
1888,137612,0.125,0.875,8
1889,186765,0.0,1.0,1
1890,130797,0.0,1.0,1
1891,170384,0.0,1.0,10
1892,235922,0.0,1.0,1
1893,194964,0.0,1.0,2
1894,154005,0.0,1.0,1
1895,301462,0.0,1.0,1
1896,235935,0.0,1.0,5
1897,162209,0.0,1.0,2
1898,301475,0.0,1.0,27
1899,162214,0.0,1.0,3
1900,265969,0.0,1.0,12
1901,194985,0.0,1.0,2
1902,260524,0.0,1.0,2
1903,149917,0.0,1.0,1
1904,287816,0.0,1.0,1
1905,170423,0.0,1.0,2
1906,244154,0.0,1.0,7
1907,129467,0.0,1.0,4
1908,309694,0.0,1.0,6
1909,170431,0.0,1.0,3
1910,137673,0.3333333333333333,0.6666666666666666,3
1911,252363,0.0,1.0,2
1912,301520,0.0,1.0,3
1913,260573,0.0,1.0,1
1914,301534,0.05194805194805195,0.948051948051948,154
1915,121311,0.0,1.0,12
1916,121313,0.6,0.4,5
1917,236002,0.0,1.0,3
1918,121315,0.0,1.0,2
1919,129510,0.0,1.0,4
1920,236007,0.0,1.0,12
1921,182985,0.0,1.0,4
1922,129519,0.0,1.0,7
1923,293374,0.0,1.0,5
1924,178688,1.0,0.0,2
1925,121347,0.0,1.0,7
1926,121350,0.027777777777777776,0.9722222222222222,36
1927,129545,0.0,1.0,25
1928,137742,0.0,1.0,3
1929,145940,0.0,1.0,1
1930,121365,0.0,1.0,1
1931,170518,0.0,1.0,4
1932,129562,0.0,1.0,1
1933,121371,0.0,1.0,2
1934,129564,0.0,1.0,10
1935,236061,0.25,0.75,4
1936,155398,0.0,1.0,4
1937,121386,0.038461538461538464,0.9615384615384616,26
1938,293424,0.0,1.0,1
1939,121396,0.0,1.0,5
1940,145976,0.0,1.0,1
1941,129597,0.0,1.0,17
1942,252480,0.0,1.0,1
1943,129606,0.0,1.0,4
1944,137802,0.0,1.0,12
1945,136888,0.0,1.0,1
1946,137809,0.0,1.0,1
1947,146010,0.0,1.0,2
1948,260699,0.0,1.0,1
1949,129630,0.0,1.0,5
1950,309858,0.15384615384615385,0.8461538461538461,26
1951,186980,0.0,1.0,7
1952,121445,0.13043478260869565,0.8695652173913043,23
1953,134929,0.0,1.0,1
1954,146026,0.0,1.0,4
1955,170604,0.0,1.0,1
1956,130834,0.0,1.0,11
1957,309877,0.0,1.0,2
1958,129658,0.0,1.0,1
1959,129659,0.0,1.0,1
1960,137853,0.0,1.0,1
1961,135253,0.0,1.0,1
1962,162439,0.0,1.0,1
1963,128108,0.0,1.0,2
1964,129679,0.0,1.0,2
1965,162453,0.0,1.0,1
1966,301719,0.0,1.0,2
1967,195224,0.0,1.0,3
1968,227996,0.0,1.0,2
1969,129696,0.0,1.0,4
1970,121508,0.0,1.0,1
1971,170665,0.045454545454545456,0.9545454545454546,22
1972,118557,0.42857142857142855,0.5714285714285714,7
1973,129713,0.0,1.0,7
1974,129715,0.2222222222222222,0.7777777777777778,9
1975,219829,0.0,1.0,31
1976,137910,0.0,1.0,2
1977,121534,0.16666666666666666,0.8333333333333334,6
1978,211648,0.0,1.0,7
1979,129731,0.0,1.0,16
1980,187084,0.0,1.0,4
1981,137925,0.0,1.0,6
1982,236236,0.0,1.0,8
1983,310655,0.0,1.0,1
1984,121556,0.3191489361702128,0.6808510638297872,47
1985,164985,0.0,1.0,2
1986,195290,0.0,1.0,7
1987,285404,0.0,1.0,2
1988,137949,0.0,1.0,21
1989,137950,0.0,1.0,12
1990,244447,0.0,1.0,3
1991,269024,0.0,1.0,1
1992,129761,0.0,1.0,5
1993,137960,0.0,1.0,4
1994,269034,0.0,1.0,6
1995,279013,0.0,1.0,1
1996,195312,0.0,1.0,1
1997,195315,0.0,1.0,10
1998,154357,0.0,1.0,4
1999,170746,0.0,1.0,3
2000,236285,0.0,1.0,3
2001,293631,0.0,1.0,3
2002,310016,0.0,1.0,7
2003,121603,0.0,1.0,8
2004,238714,0.0,1.0,3
2005,121619,0.14285714285714285,0.8571428571428571,7
2006,310037,0.0,1.0,1
2007,146210,0.0,1.0,1
2008,138020,0.0,1.0,2
2009,228137,0.0,1.0,2
2010,285483,0.0,1.0,1
2011,203564,0.0,1.0,4
2012,268766,0.0,1.0,12
2013,121659,0.0,1.0,11
2014,219966,0.0,1.0,14
2015,154441,0.0,1.0,6
2016,146250,0.0,1.0,5
2017,138060,0.0,1.0,2
2018,129506,0.0,1.0,4
2019,260942,0.25,0.75,16
2020,121679,0.5,0.5,6
2021,154083,0.0,1.0,3
2022,236375,0.0,1.0,3
2023,121698,0.0,1.0,20
2024,260582,0.0,1.0,2
2025,139068,0.0,1.0,6
2026,260970,0.0,1.0,4
2027,162667,0.0,1.0,8
2028,146287,0.0,1.0,2
2029,240104,0.0,1.0,1
2030,121715,0.0,1.0,1
2031,129910,0.125,0.875,8
2032,291988,0.0,1.0,1
2033,146303,0.0,1.0,2
2034,301955,0.0,1.0,1
2035,197783,0.0,1.0,1
2036,129944,0.0,1.0,2
2037,121756,0.0,1.0,12
2038,129950,0.0,1.0,3
2039,139079,0.0,1.0,2
2040,220080,0.0,1.0,2
2041,139355,0.0,1.0,2
2042,129974,0.0,1.0,1
2043,203706,0.1111111111111111,0.8888888888888888,9
2044,121788,0.0,1.0,10
2045,228288,0.0,1.0,1
2046,211906,0.0,1.0,11
2047,129987,0.0,1.0,1
2048,121809,0.0,1.0,6
2049,170963,0.0,1.0,1
2050,121821,0.0,1.0,2
2051,121824,0.0,1.0,1
2052,307024,0.0,1.0,8
2053,236515,0.0,1.0,3
2054,285669,0.0,1.0,5
2055,130023,0.0,1.0,1
2056,146409,0.0,1.0,7
2057,154602,0.0,1.0,5
2058,146424,0.0,1.0,3
2059,162809,0.0,1.0,2
2060,123536,0.0,1.0,2
2061,252926,0.0,1.0,5
2062,236551,0.0,1.0,9
2063,162825,1.0,0.0,2
2064,130061,0.0,1.0,2
2065,121873,0.09482758620689655,0.9051724137931034,116
2066,261141,0.0,1.0,1
2067,154656,0.0,1.0,4
2068,138273,0.0,1.0,4
2069,293922,0.0,1.0,1
2070,130085,0.0,1.0,15
2071,130086,0.05263157894736842,0.9473684210526315,19
2072,215738,0.0,1.0,1
2073,252973,0.0,1.0,1
2074,171056,0.0,1.0,15
2075,138290,0.04,0.96,25
2076,121910,0.0,1.0,2
2077,310327,0.0,1.0,3
2078,310330,0.0,1.0,1
2079,244798,0.0,1.0,13
2080,148662,0.0,1.0,2
2081,121926,0.1836734693877551,0.8163265306122449,49
2082,121927,0.0,1.0,19
2083,171084,0.2,0.8,5
2084,269394,0.0,1.0,3
2085,146516,0.0,1.0,1
2086,130134,0.03341288782816229,0.9665871121718377,419
2087,121946,0.0,1.0,1
2088,179291,0.0,1.0,1
2089,269406,0.16113744075829384,0.8388625592417062,211
2090,146532,0.0,1.0,2
2091,293990,0.0,1.0,4
2092,269415,0.0,1.0,1
2093,244844,0.038461538461538464,0.9615384615384616,26
2094,154744,0.0,1.0,1
2095,130169,0.0,1.0,1
2096,187517,0.0,1.0,11
2097,129558,0.0,1.0,4
2098,146567,0.0,1.0,2
2099,310414,0.0,1.0,2
2100,162960,0.0,1.0,4
2101,220305,0.0,1.0,1
2102,122002,0.0,1.0,3
2103,146580,0.0,1.0,4
2104,139118,0.0,1.0,4
2105,122008,0.0,1.0,25
2106,146585,0.0,1.0,2
2107,130202,0.0,1.0,2
2108,122018,0.0,1.0,1
2109,138410,0.0,1.0,2
2110,130219,0.0,1.0,23
2111,122028,0.0,1.0,1
2112,121373,0.0,1.0,1
2113,171184,0.0,1.0,3
2114,180083,0.0,1.0,7
2115,277693,0.0,1.0,2
2116,130238,0.5,0.5,2
2117,236735,0.02,0.98,50
2118,122050,0.3157894736842105,0.6842105263157895,19
2119,146632,0.0,1.0,4
2120,285897,0.0,1.0,1
2121,122058,0.024390243902439025,0.975609756097561,41
2122,310476,0.0,1.0,3
2123,236750,0.0,1.0,2
2124,122064,0.6666666666666666,0.3333333333333333,6
2125,277716,0.0,1.0,6
2126,277718,0.16666666666666666,0.8333333333333334,6
2127,163031,0.0,1.0,22
2128,154842,0.0,1.0,2
2129,253147,0.6363636363636364,0.36363636363636365,11
2130,146655,0.0,1.0,1
2131,122081,0.0,1.0,11
2132,130278,0.0,1.0,2
2133,154858,0.0,1.0,1
2134,122092,0.0,1.0,2
2135,302318,0.0,1.0,3
2136,294129,0.0,1.0,2
2137,228595,0.0,1.0,3
2138,236793,0.0,1.0,3
2139,122106,0.0,1.0,1
2140,138493,0.0,1.0,1
2141,146694,0.0,1.0,6
2142,156279,0.0,1.0,8
2143,135042,0.0,1.0,2
2144,130319,0.0,1.0,2
2145,146705,0.0,1.0,16
2146,154898,0.0,1.0,3
2147,212248,0.0,1.0,1
2148,138522,0.0,1.0,12
2149,163100,0.0,1.0,13
2150,122142,0.0,1.0,28
2151,269613,0.0,1.0,1
2152,122158,0.0,1.0,6
2153,277815,0.0,1.0,1
2154,130360,0.0,1.0,14
2155,285236,0.0,1.0,1
2156,130363,0.0,1.0,1
2157,261436,0.0,1.0,12
2158,146749,0.0,1.0,9
2159,245058,0.0,1.0,5
2160,122180,0.0,1.0,3
2161,138565,0.0,1.0,7
2162,310598,0.0,1.0,3
2163,130382,0.0,1.0,3
2164,310608,0.024752475247524754,0.9752475247524752,202
2165,310610,0.0,1.0,6
2166,163160,0.0,1.0,3
2167,150075,0.0,1.0,1
2168,130411,0.25,0.75,4
2169,122225,0.0,1.0,2
2170,229267,0.0,1.0,1
2171,302452,0.3333333333333333,0.6666666666666666,3
2172,130424,0.3333333333333333,0.6666666666666666,3
2173,270229,0.0,1.0,4
2174,122240,0.12903225806451613,0.8709677419354839,31
2175,155013,0.0,1.0,2
2176,187788,0.0,1.0,14
2177,155022,0.4,0.6,5
2178,286106,0.4461538461538462,0.5538461538461539,65
2179,122270,0.0,1.0,19
2180,130464,0.2,0.8,5
2181,261540,0.0,1.0,3
2182,122277,0.0,1.0,3
2183,253355,0.0,1.0,2
2184,179631,0.0,1.0,1
2185,130480,0.5,0.5,2
2186,228788,0.0,1.0,1
2187,294325,0.0,1.0,1
2188,122297,0.0,1.0,8
2189,310715,0.5,0.5,2
2190,122308,0.0,1.0,1
2191,187845,0.0,1.0,2
2192,310732,0.13636363636363635,0.8636363636363636,22
2193,122320,0.0,1.0,1
2194,122324,0.0,1.0,1
2195,130526,0.0,1.0,4
2196,187873,0.0,1.0,10
2197,196068,0.0,1.0,1
2198,138726,1.0,0.0,1
2199,245229,0.0,1.0,1
2200,269808,0.0,1.0,1
2201,122359,0.0,1.0,1
2202,310779,0.0,1.0,2
2203,278014,0.16091954022988506,0.8390804597701149,87
2204,310786,0.0,1.0,1
2205,155142,0.0,1.0,4
2206,130573,0.25,0.75,4
2207,290733,0.0,1.0,1
2208,297560,0.0,1.0,1
2209,179731,0.0,1.0,18
2210,146968,0.3333333333333333,0.6666666666666666,9
2211,155161,0.0,1.0,2
2212,212510,0.0,1.0,9
2213,302623,0.0,1.0,4
2214,155173,0.0,1.0,1
2215,138790,1.0,0.0,1
2216,310825,0.037037037037037035,0.9629629629629629,27
2217,141918,0.0,1.0,3
2218,147003,0.0,1.0,2
2219,122434,0.0,1.0,1
2220,130634,0.0,1.0,1
2221,171596,0.0,1.0,2
2222,129634,0.0,1.0,1
2223,164746,0.0,1.0,1
2224,220755,0.0,1.0,1
2225,294485,0.0375,0.9625,80
2226,253526,0.0,1.0,1
2227,147037,0.0,1.0,3
2228,147040,0.0,1.0,8
2229,278115,0.0,1.0,1
2230,147045,0.0,1.0,5
2231,130662,0.8333333333333334,0.16666666666666666,6
2232,138856,0.0,1.0,2
2233,220778,0.0,1.0,3
2234,188011,0.0,1.0,5
2235,294510,0.0,1.0,4
2236,179826,0.0,1.0,20
2237,302708,0.0,1.0,2
2238,310907,0.0,1.0,6
2239,122492,0.14285714285714285,0.8571428571428571,7
2240,173333,0.0,1.0,1
2241,261761,0.0,1.0,3
2242,124376,0.0,1.0,1
2243,155276,0.06666666666666667,0.9333333333333333,15
2244,261774,0.75,0.25,4
2245,188047,0.0,1.0,1
2246,138897,0.0,1.0,4
2247,138898,0.0,1.0,4
2248,130707,0.0,1.0,17
2249,179860,0.1111111111111111,0.8888888888888888,9
2250,210201,0.0,1.0,5
2251,147097,0.0,1.0,3
2252,155292,0.0,1.0,2
2253,147101,0.0,1.0,2
2254,245410,0.0,1.0,1
2255,310947,0.0,1.0,1
2256,122534,0.0,1.0,4
2257,122535,0.0,1.0,8
2258,261801,0.0,1.0,3
2259,147114,0.0234375,0.9765625,128
2260,147116,0.0,1.0,2
2261,130735,0.06896551724137931,0.9310344827586207,29
2262,122547,0.5,0.5,2
2263,130740,0.0,1.0,2
2264,122554,0.0,1.0,9
2265,196284,0.0,1.0,3
2266,237245,0.0,1.0,12
2267,138942,0.0,1.0,7
2268,130755,0.0,1.0,3
2269,122564,0.1111111111111111,0.8888888888888888,9
2270,212678,0.0,1.0,6
2271,310984,0.16666666666666666,0.8333333333333334,6
2272,171722,0.0,1.0,1
2273,147148,0.0,1.0,6
2274,310997,0.025,0.975,160
2275,186846,0.0,1.0,1
2276,130777,0.0,1.0,22
2277,253658,0.0,1.0,2
2278,147163,0.0,1.0,1
2279,150138,0.0,1.0,1
2280,171744,0.0,1.0,10
2281,122593,0.0,1.0,1
2282,171750,0.0,1.0,17
2283,188138,0.0,1.0,1
2284,122603,0.0,1.0,3
2285,200658,0.0,1.0,4
2286,302830,0.09777777777777778,0.9022222222222223,225
2287,130802,0.0,1.0,24
2288,135124,0.0,1.0,1
2289,278266,0.5555555555555556,0.4444444444444444,9
2290,220928,0.0,1.0,2
2291,130817,0.0,1.0,5
2292,163589,0.0,1.0,1
2293,147206,0.0,1.0,1
2294,122637,0.0,1.0,2
2295,270096,0.0,1.0,2
2296,311057,0.041666666666666664,0.9583333333333334,24
2297,311058,0.0,1.0,3
2298,311064,0.75,0.25,4
2299,220962,0.0,1.0,1
2300,155435,0.0,1.0,1
2301,130860,0.0,1.0,2
2302,311261,0.0,1.0,12
2303,204307,0.5,0.5,4
2304,204593,0.2,0.8,10
2305,188215,0.0,1.0,1
2306,180025,0.0,1.0,1
2307,220988,0.09090909090909091,0.9090909090909091,11
2308,180031,0.0,1.0,3
2309,196416,0.0,1.0,2
2310,229187,0.0,1.0,14
2311,130884,0.0,1.0,19
2312,130887,0.0,1.0,8
2313,229199,0.0,1.0,2
2314,294736,0.0,1.0,1
2315,165573,0.0,1.0,2
2316,180051,0.0,1.0,1
2317,135140,0.0,1.0,1
2318,130906,0.0,1.0,1
2319,253787,0.0,1.0,4
2320,130913,0.012345679012345678,0.9876543209876543,81
2321,212837,0.0,1.0,4
2322,253806,0.0,1.0,1
2323,229232,0.0,1.0,2
2324,225256,0.0,1.0,1
2325,122739,0.25,0.75,4
2326,245631,0.0,1.0,3
2327,286597,0.0625,0.9375,16
2328,311184,1.0,0.0,1
2329,155539,0.0,1.0,1
2330,155541,0.0,1.0,3
2331,139158,1.0,0.0,1
2332,180121,0.0,1.0,2
2333,139169,0.0,1.0,15
2334,139250,0.0,1.0,1
2335,221103,0.0,1.0,2
2336,155568,0.0,1.0,2
2337,197961,0.0,1.0,2
2338,244384,0.0,1.0,2
2339,311236,0.0,1.0,17
2340,131017,0.0,1.0,3
2341,303050,0.0,1.0,2
2342,196556,0.0,1.0,1
2343,262095,0.0,1.0,3
2344,173951,0.0,1.0,1
2345,163794,0.0,1.0,1
2346,188371,0.0,1.0,8
2347,147416,0.25,0.75,4
2348,229339,0.0,1.0,4
2349,163805,0.0,1.0,5
2350,122849,0.0,1.0,6
2351,122853,0.0,1.0,3
2352,172007,0.0,1.0,3
2353,221163,0.0,1.0,1
2354,139246,0.0,1.0,1
2355,303087,0.0,1.0,4
2356,253938,0.0,1.0,2
2357,155644,0.0,1.0,7
